{"18": [[[10.782094043676999, -35.20285582792841], [-35.20285582792841, 104.18003453783047]]], "19": [[[-10.782094043676999, 35.20285582792841], [35.20285582792841, -104.18003453783047]], [[3.0485648248797346, -12.950535402231234], [-12.950535402231234, 40.42612863051455]]], "20": [[[1.1065392725546148, -7.305611428085105], [-7.305611428085105, 24.336322485667758]], [[-3.0485648248797346, 12.950535402231234], [12.950535402231234, -40.42612863051455]]], "21": [[[-1.1065392725546148, 7.305611428085105], [7.305611428085105, -24.336322485667758]], [[0.21655206693918114, -4.654926776081359], [-4.654926776081359, 16.811274896927603]]], "22": [[[-0.28844177531660536, -3.0808683497104203], [-3.0808683497104203, 12.339385954635999]], [[-0.21655206693918114, 4.654926776081359], [4.654926776081359, -16.811274896927603]]], "23": [[[-0.6024294206732885, -2.0247902999025316], [-2.0247902999025316, 9.312070288305518]], [[0.28844177531660536, 3.0808683497104203], [3.0808683497104203, -12.339385954635999]]], "24": [[[0.6024294206732885, 2.0247902999025316], [2.0247902999025316, -9.312070288305518]], [[-0.8018283246605079, -1.2664296592475115], [-1.2664296592475115, 7.093205444593392]]], "25": [[[0.8018283246605079, 1.2664296592475115], [1.2664296592475115, -7.093205444593392]], [[-0.9226384323013083, -0.702806187471077], [-0.702806187471077, 5.3847793140828575]]], "26": [[[-0.9844176673616818, -0.28001536060655075], [-0.28001536060655075, 4.031891180579987]], [[0.9226384323013083, 0.702806187471077], [0.702806187471077, -5.3847793140828575]]], "27": [[[-0.9997226324268045, 0.03309278314365273], [0.03309278314365273, 2.9483068751553145]], [[0.9844176673616818, 0.28001536060655075], [0.28001536060655075, -4.031891180579987]]], "28": [[[0.9997226324268045, -0.03309278314365273], [-0.03309278314365273, -2.9483068751553145]], [[-0.9785732629298957, 0.257014550125692], [0.257014550125692, 2.0828995922331504]]], "29": [[[-0.9307085162338854, 0.40796362981447165], [0.40796362981447165, 1.4019448596768183]], [[0.9785732629298957, -0.257014550125692], [-0.257014550125692, -2.0828995922331504]]], "30": [[[-0.8662857942805117, 0.5011839200669399], [0.5011839200669399, 0.8785238291031817]], [[0.9307085162338854, -0.40796362981447165], [-0.40796362981447165, -1.4019448596768183]]], "31": [[[-1.1500308577453002, 0.7981420312291589], [0.7981420312291589, 0.7037109026971595]], [[0.8662857942805117, -0.5011839200669399], [-0.5011839200669399, -0.8785238291031817]]], "32": [[[0.8662857942805117, -0.5011839200669399], [-0.5011839200669399, -0.8785238291031817]], [[-1.530124210898955, 1.2110737959331968], [1.2110737959331968, 0.4203052431663337]], [[1.1500308577453002, -0.7981420312291589], [-0.7981420312291589, -0.7037109026971595]]], "33": [[[-2.009167760921291, 1.7587858084380557], [1.7587858084380557, -0.027967785689698467]], [[0.8662857942805117, -0.5011839200669399], [-0.5011839200669399, -0.8785238291031817]], [[1.530124210898955, -1.2110737959331968], [-1.2110737959331968, -0.4203052431663337]], [[1.1500308577453002, -0.7981420312291589], [-0.7981420312291589, -0.7037109026971595]]], "34": [[[2.009167760921291, -1.7587858084380557], [-1.7587858084380557, 0.027967785689698467]], [[1.1500308577453002, -0.7981420312291589], [-0.7981420312291589, -0.7037109026971595]], [[0.9307085162338854, -0.40796362981447165], [-0.40796362981447165, -1.4019448596768183]], [[-2.5984558370976463, 2.465249595829982], [2.465249595829982, -0.6889065323757572]], [[0.8662857942805117, -0.5011839200669399], [-0.5011839200669399, -0.8785238291031817]], [[1.530124210898955, -1.2110737959331968], [-1.2110737959331968, -0.4203052431663337]]], "35": [[[1.1500308577453002, -0.7981420312291589], [-0.7981420312291589, -0.7037109026971595]], [[0.9307085162338854, -0.40796362981447165], [-0.40796362981447165, -1.4019448596768183]], [[-3.308405581067625, 3.353777764506643], [3.353777764506643, -1.6106700221365755]], [[0.8662857942805117, -0.5011839200669399], [-0.5011839200669399, -0.8785238291031817]], [[2.5984558370976463, -2.465249595829982], [-2.465249595829982, 0.6889065323757572]], [[1.530124210898955, -1.2110737959331968], [-1.2110737959331968, -0.4203052431663337]], [[2.009167760921291, -1.7587858084380557], [-1.7587858084380557, 0.027967785689698467]], [[0.9785732629298957, -0.257014550125692], [-0.257014550125692, -2.0828995922331504]]], "36": [[[2.5984558370976463, -2.465249595829982], [-2.465249595829982, 0.6889065323757572]], [[3.308405581067625, -3.353777764506643], [-3.353777764506643, 1.6106700221365755]], [[0.8662857942805117, -0.5011839200669399], [-0.5011839200669399, -0.8785238291031817]], [[0.9785732629298957, -0.257014550125692], [-0.257014550125692, -2.0828995922331504]], [[0.9307085162338854, -0.40796362981447165], [-0.40796362981447165, -1.4019448596768183]], [[-4.149552524856218, 4.447871270857998], [4.447871270857998, -2.8418015442373488]], [[1.530124210898955, -1.2110737959331968], [-1.2110737959331968, -0.4203052431663337]], [[1.1500308577453002, -0.7981420312291589], [-0.7981420312291589, -0.7037109026971595]], [[2.009167760921291, -1.7587858084380557], [-1.7587858084380557, 0.027967785689698467]]], "37": [[[0.8662857942805117, -0.5011839200669399], [-0.5011839200669399, -0.8785238291031817]], [[1.530124210898955, -1.2110737959331968], [-1.2110737959331968, -0.4203052431663337]], [[0.9307085162338854, -0.40796362981447165], [-0.40796362981447165, -1.4019448596768183]], [[-5.133224225551016, 5.772062130998085], [5.772062130998085, -4.4321674895407694]], [[3.308405581067625, -3.353777764506643], [-3.353777764506643, 1.6106700221365755]], [[2.5984558370976463, -2.465249595829982], [-2.465249595829982, 0.6889065323757572]], [[0.9785732629298957, -0.257014550125692], [-0.257014550125692, -2.0828995922331504]], [[0.9997226324268045, -0.03309278314365273], [-0.03309278314365273, -2.9483068751553145]], [[2.009167760921291, -1.7587858084380557], [-1.7587858084380557, 0.027967785689698467]], [[1.1500308577453002, -0.7981420312291589], [-0.7981420312291589, -0.7037109026971595]], [[4.149552524856218, -4.447871270857998], [-4.447871270857998, 2.8418015442373488]]], "38": [[[2.009167760921291, -1.7587858084380557], [-1.7587858084380557, 0.027967785689698467]], [[0.9307085162338854, -0.40796362981447165], [-0.40796362981447165, -1.4019448596768183]], [[3.308405581067625, -3.353777764506643], [-3.353777764506643, 1.6106700221365755]], [[2.5984558370976463, -2.465249595829982], [-2.465249595829982, 0.6889065323757572]], [[-6.271885258243339, 7.352524169839023], [7.352524169839023, -6.43405729714801]], [[0.9785732629298957, -0.257014550125692], [-0.257014550125692, -2.0828995922331504]], [[0.9997226324268045, -0.03309278314365273], [-0.03309278314365273, -2.9483068751553145]], [[0.8662857942805117, -0.5011839200669399], [-0.5011839200669399, -0.8785238291031817]], [[4.149552524856218, -4.447871270857998], [-4.447871270857998, 2.8418015442373488]], [[1.530124210898955, -1.2110737959331968], [-1.2110737959331968, -0.4203052431663337]], [[5.133224225551016, -5.772062130998085], [-5.772062130998085, 4.4321674895407694]], [[1.1500308577453002, -0.7981420312291589], [-0.7981420312291589, -0.7037109026971595]]],