{"38": [[[-0.8111130787861763, -2.7920572916166924], [-2.7920572916166924, 40.271168324273525]]], "39": [[[-0.775223871690073, -1.1875542586420749], [-1.1875542586420749, 5.274176567693129]], [[0.8111130787861763, 2.7920572916166924], [2.7920572916166924, -40.271168324273525]]], "40": [[[0.775223871690073, 1.1875542586420749], [1.1875542586420749, -5.274176567693129]]]}